City,Cloudiness,Country,Date,Humidity,Lat,Lng,Max_Temp,Wind_Speed
Ushuaia,75,AR,2019-09-11,75,-54.81,-68.31,42.8,3.36
Ostrovnoy,13,RU,2019-09-11,88,68.05,39.51,48.3,15.75
Rikitea,49,PF,2019-09-11,81,-23.12,-134.97,72.24,17.34
Qaanaaq,0,GL,2019-09-11,58,77.48,-69.36,22.02,6.64
Albany,90,US,2019-09-11,82,42.65,-73.75,72.0,3.83
Hermanus,34,ZA,2019-09-11,88,-34.42,19.24,57.99,1.01
Vaini,75,IN,2019-09-11,94,15.34,74.49,71.6,6.93
Mahebourg,40,MU,2019-09-11,88,-20.41,57.7,68.0,3.36
Bredasdorp,100,ZA,2019-09-11,88,-34.53,20.04,54.0,1.01
Kaeo,14,NZ,2019-09-11,92,-35.1,173.78,59.0,11.07
Cacapava do Sul,95,BR,2019-09-11,95,-30.51,-53.49,52.8,8.21
Busselton,18,AU,2019-09-11,50,-33.64,115.35,73.99,17.67
Mataura,98,NZ,2019-09-11,73,-46.19,168.86,50.0,10.0
Vestmanna,67,FO,2019-09-11,93,62.16,-7.17,50.0,12.75
Dikson,87,RU,2019-09-11,67,73.51,80.55,36.42,30.89
Kruisfontein,100,ZA,2019-09-11,91,-34.0,24.73,59.46,17.05
Kaitangata,91,NZ,2019-09-11,62,-46.28,169.85,45.0,17.0
Istok,43,PL,2019-09-11,100,52.66,23.48,53.01,6.87
Eyl,0,SO,2019-09-11,74,7.98,49.82,75.3,23.09
Saint-Philippe,90,CA,2019-09-11,100,45.36,-73.48,61.0,3.22
Kapaa,40,US,2019-09-11,70,22.08,-159.32,89.6,19.46
Nanortalik,100,GL,2019-09-11,88,60.14,-45.24,39.12,4.7
Jamestown,0,AU,2019-09-11,36,-33.21,138.6,70.08,9.46
Te Anau,87,NZ,2019-09-11,63,-45.41,167.72,44.52,10.94
Fortuna,90,US,2019-09-11,93,40.6,-124.16,64.99,8.05
Hami,99,CN,2019-09-11,34,42.84,93.51,70.26,6.71
Nshamba,40,TZ,2019-09-11,88,-1.8,31.55,66.2,1.43
Ponta do Sol,78,BR,2019-09-11,40,-20.63,-46.0,71.52,3.56
Samana,0,EC,2019-09-11,84,0.12,-76.97,70.8,1.66
Saskylakh,100,RU,2019-09-11,88,71.97,114.09,38.94,13.27
Punta Arenas,40,CL,2019-09-11,75,-53.16,-70.91,42.8,14.99
Dabat,98,ET,2019-09-11,92,12.98,37.77,63.78,0.2
New Norfolk,0,AU,2019-09-11,26,-42.78,147.06,69.8,20.8
Tuktoyaktuk,75,CA,2019-09-11,93,69.44,-133.03,51.8,5.82
Tiksi,62,RU,2019-09-11,67,71.64,128.87,38.4,7.0
Barrow,70,AR,2019-09-11,95,-38.31,-60.23,40.38,4.59
Thompson,20,CA,2019-09-11,73,55.74,-97.86,33.8,2.24
Coroata,39,BR,2019-09-11,45,-6.39,-44.31,73.68,3.65
Chokurdakh,3,RU,2019-09-11,59,70.62,147.9,40.92,12.33
Klaksvik,45,FO,2019-09-11,93,62.23,-6.59,50.0,12.75
Namibe,2,AO,2019-09-11,89,-15.19,12.15,65.22,10.83
Tocopilla,43,CL,2019-09-11,79,-22.09,-70.2,59.28,12.01
Deputatskiy,26,RU,2019-09-11,47,69.3,139.9,38.58,4.68
Sistranda,40,NO,2019-09-11,72,63.73,8.83,62.01,19.46
Kavaratti,100,IN,2019-09-11,78,10.57,72.64,82.14,17.2
Helong,0,CN,2019-09-11,56,25.94,116.13,90.06,2.66
Miles City,90,US,2019-09-11,93,46.41,-105.84,55.4,16.11
Avarua,92,CK,2019-09-11,78,-21.21,-159.78,77.0,12.75
Price,40,US,2019-09-11,28,39.6,-110.81,69.8,18.34
Cape Town,75,ZA,2019-09-11,82,-33.93,18.42,59.0,6.93
Hilo,90,US,2019-09-11,65,19.71,-155.08,82.4,8.05
Luganville,90,VU,2019-09-11,69,-15.51,167.18,77.0,5.82
Yankton,90,US,2019-09-11,88,42.87,-97.4,75.99,9.17
Constitucion,75,MX,2019-09-11,59,23.99,-104.67,66.2,2.24
Newberry,90,US,2019-09-11,100,46.35,-85.51,66.2,5.82
East London,40,ZA,2019-09-11,93,-33.02,27.91,64.4,18.34
Garowe,95,SO,2019-09-11,70,8.41,48.48,74.76,21.18
Tecoanapa,40,MX,2019-09-11,78,16.99,-99.26,82.4,6.93
Vestmannaeyjar,100,IS,2019-09-11,86,63.44,-20.27,50.28,7.16
Tasiilaq,0,GL,2019-09-11,69,65.61,-37.64,37.4,4.7
Yar-Sale,100,RU,2019-09-11,82,66.83,70.83,38.04,12.73
Bambous Virieux,40,MU,2019-09-11,88,-20.34,57.76,68.0,3.36
Bluff,0,AU,2019-09-11,27,-23.58,149.07,73.68,11.5
Rio Tercero,96,AR,2019-09-11,87,-32.17,-64.11,44.52,3.76
Longyearbyen,75,NO,2019-09-11,65,78.22,15.63,46.4,23.04
Olbia,40,IT,2019-09-11,100,40.92,9.49,66.2,5.82
Honningsvag,75,NO,2019-09-11,76,70.98,25.97,57.2,4.7
Kununurra,0,AU,2019-09-11,6,-15.77,128.74,86.0,14.99
Lianzhou,25,CN,2019-09-11,69,24.79,112.38,85.02,1.59
Astara,90,AZ,2019-09-11,88,38.42,48.87,64.4,4.43
College Station,1,US,2019-09-11,83,30.63,-96.33,77.0,5.82
Teya,75,MX,2019-09-11,83,21.05,-89.07,79.0,6.93
Margate,0,AU,2019-09-11,26,-43.03,147.26,69.8,20.8
Ambon,0,FR,2019-09-11,100,47.55,-2.56,55.99,5.82
Yulara,0,AU,2019-09-11,4,-25.24,130.99,78.8,12.75
Leningradskiy,100,RU,2019-09-11,91,69.38,178.42,43.08,15.08
Inhambane,0,MZ,2019-09-11,95,-23.87,35.38,60.9,4.32
Provideniya,75,RU,2019-09-11,76,64.42,-173.23,50.0,11.18
Cidreira,34,BR,2019-09-11,91,-30.17,-50.22,60.36,7.99
Pangnirtung,69,CA,2019-09-11,93,66.15,-65.72,31.2,1.68
Grafton,40,AU,2019-09-11,34,-29.69,152.93,70.0,10.29
Solnechnyy,80,RU,2019-09-11,60,50.72,136.64,64.68,1.99
Kuytun,100,RU,2019-09-11,74,54.34,101.51,55.32,5.55
Port Alfred,100,ZA,2019-09-11,89,-33.59,26.89,66.99,5.01
Castro,0,CL,2019-09-11,86,-42.48,-73.76,33.8,4.7
Miramar,20,CR,2019-09-11,69,10.09,-84.73,73.4,5.82
Hithadhoo,37,MV,2019-09-11,68,-0.6,73.08,83.94,6.55
Cayenne,0,GF,2019-09-11,88,4.94,-52.33,77.0,6.15
Ribeira Grande,3,PT,2019-09-11,74,38.52,-28.7,70.26,13.82
Lethem,30,GY,2019-09-11,71,3.38,-59.8,80.7,2.57
Aldan,0,RU,2019-09-11,52,58.61,125.39,60.18,9.73
Sembakung,20,ID,2019-09-11,74,3.82,117.25,87.8,4.7
Butaritari,100,KI,2019-09-11,69,3.07,172.79,82.68,11.9
Henties Bay,0,NA,2019-09-11,90,-22.12,14.28,55.0,1.99
Cabo San Lucas,5,MX,2019-09-11,69,22.89,-109.91,82.0,9.17
Bara,5,NG,2019-09-11,86,10.41,10.6,69.72,1.66
Kloulklubed,90,PW,2019-09-11,74,7.04,134.26,84.2,23.04
Nikolskoye,0,RU,2019-09-11,87,59.7,30.79,61.0,8.95
Monrovia,75,LR,2019-09-11,94,6.33,-10.8,77.0,7.61
Port Lincoln,92,AU,2019-09-11,59,-34.72,135.86,61.62,20.09
Georgetown,20,GY,2019-09-11,94,6.8,-58.16,77.0,2.24
Sao Filipe,100,CV,2019-09-11,83,14.9,-24.5,79.08,16.75
Aykhal,90,RU,2019-09-11,66,65.95,111.51,51.8,8.95
Talcahuano,0,CL,2019-09-11,100,-36.72,-73.12,46.4,2.24
Sechura,0,PE,2019-09-11,86,-5.56,-80.82,61.62,13.29
Lagoa,0,PT,2019-09-11,42,37.14,-8.45,68.0,14.99
Mpika,97,ZM,2019-09-11,38,-11.84,31.4,60.72,5.68
Shchelkun,0,RU,2019-09-11,87,56.3,60.95,48.2,4.47
Kalach-na-Donu,0,RU,2019-09-11,62,48.69,43.52,59.0,13.42
Broken Hill,0,AU,2019-09-11,18,-31.97,141.45,68.0,6.93
Gambela,100,ET,2019-09-11,76,8.25,34.59,66.3,3.53
Dali,100,CN,2019-09-11,87,34.79,109.94,67.38,10.98
Kirakira,100,SB,2019-09-11,88,-10.46,161.92,79.26,19.15
Inirida,46,CO,2019-09-11,95,3.87,-67.92,73.32,1.5
Clyde River,90,CA,2019-09-11,93,70.47,-68.59,35.6,8.05
Dondo,20,MZ,2019-09-11,67,-19.62,34.74,62.6,2.24
Khatanga,100,RU,2019-09-11,80,71.98,102.47,39.12,8.93
Atuona,76,PF,2019-09-11,73,-9.8,-139.03,79.8,16.42
Hualmay,48,PE,2019-09-11,89,-11.1,-77.61,60.54,16.89
Baracoa,100,CU,2019-09-11,77,20.35,-74.5,81.24,3.62
Caucasia,100,CO,2019-09-11,92,7.98,-75.2,77.82,7.45
Launceston,9,AU,2019-09-11,63,-41.43,147.14,60.8,23.04
Saint-Joseph,40,FR,2019-09-11,87,43.56,6.97,68.0,5.82
Lebyazhye,0,RU,2019-09-11,87,59.96,29.42,61.0,8.95
Kyrylivka,0,UA,2019-09-11,44,47.65,37.3,57.48,7.67
Saint-Georges,100,CA,2019-09-11,95,46.12,-70.67,55.99,4.83
Vicosa do Ceara,11,BR,2019-09-11,55,-3.56,-41.09,70.98,3.56
Araouane,78,ML,2019-09-11,25,18.9,-3.53,94.92,7.99
San Patricio,100,PY,2019-09-11,76,-26.98,-56.83,64.32,5.19
Laguna,90,BZ,2019-09-11,94,16.17,-88.94,77.0,3.31
Waitati,90,NZ,2019-09-11,60,-45.75,170.57,51.01,10.0
Santa Cruz de la Palma,90,ES,2019-09-11,73,28.68,-17.76,73.4,18.34
Dingle,100,PH,2019-09-11,67,11.0,122.67,83.58,4.7
Grindavik,100,IS,2019-09-11,90,63.84,-22.43,48.12,15.68
Kavieng,99,PG,2019-09-11,78,-2.57,150.8,81.24,20.22
Muscat,98,OM,2019-09-11,83,23.6,58.55,82.4,2.24
Port Macquarie,40,AU,2019-09-11,42,-31.43,152.91,68.0,5.82
Airai,61,TL,2019-09-11,37,-8.93,125.41,83.58,2.21
Katsuura,75,JP,2019-09-11,66,33.93,134.5,91.4,12.75
Vila Velha,75,BR,2019-09-11,69,-3.71,-38.6,80.6,14.99
Karratha,33,AU,2019-09-11,9,-20.74,116.85,95.28,19.22
Rawson,6,AR,2019-09-11,83,-43.3,-65.11,37.68,5.06
Mount Kisco,20,US,2019-09-11,88,41.2,-73.73,71.6,5.82
Mar del Plata,0,AR,2019-09-11,52,-46.43,-67.52,39.84,7.61
Tessalit,57,ML,2019-09-11,19,20.2,1.01,94.92,8.34
Constantine,75,DZ,2019-09-11,93,36.36,6.61,60.8,2.24
Irece,63,BR,2019-09-11,92,-11.3,-41.86,63.6,9.08
Iralaya,0,HN,2019-09-11,94,15.0,-83.23,77.28,1.66
San Cristobal,0,HN,2019-09-11,85,14.68,-86.92,69.18,7.56
Mopipi,0,BW,2019-09-11,12,-21.2,24.86,55.5,2.98
Chicama,0,PE,2019-09-11,87,-7.84,-79.15,60.8,10.29
Ambilobe,0,MG,2019-09-11,82,-13.19,49.05,64.86,7.4
Linxia,0,CN,2019-09-11,58,35.6,103.21,67.56,4.07
Hobart,0,AU,2019-09-11,26,-42.88,147.33,69.8,20.8
Lewistown,1,US,2019-09-11,94,40.39,-90.15,79.0,3.36
Atambua,90,ID,2019-09-11,58,-9.11,124.89,77.28,10.04
Mildura,0,AU,2019-09-11,24,-34.18,142.16,71.01,9.17
Kingseat,75,GB,2019-09-11,93,56.1,-3.41,61.0,23.04
Saint Anthony,40,US,2019-09-11,93,43.97,-111.68,51.8,4.7
Faanui,56,PF,2019-09-11,80,-16.48,-151.75,77.64,11.56
Atasu,40,KZ,2019-09-11,79,48.68,71.64,52.26,4.85
Dudinka,75,RU,2019-09-11,100,69.41,86.18,28.4,17.9
Puerto Ayora,62,EC,2019-09-11,89,-0.74,-90.35,66.99,3.0
Lashio,100,MM,2019-09-11,99,22.93,97.75,70.8,0.22
Rovaniemi,75,FI,2019-09-11,93,66.5,25.72,55.4,4.7
Torbay,40,CA,2019-09-11,93,47.66,-52.73,53.01,10.29
Goderich,100,CA,2019-09-11,88,43.74,-81.71,69.01,17.2
Zhezkazgan,0,KZ,2019-09-11,87,47.8,67.71,51.8,4.47
Yellowknife,20,CA,2019-09-11,76,62.45,-114.38,48.2,8.05
Petauke,2,ZM,2019-09-11,28,-14.25,31.33,60.36,3.6
Los Aquijes,90,PE,2019-09-11,82,-14.1,-75.69,60.8,14.99
Lebu,90,ET,2019-09-11,93,8.96,38.73,55.4,4.7
Smithers,75,CA,2019-09-11,71,54.78,-127.17,57.2,2.24
Bonthe,100,SL,2019-09-11,94,7.53,-12.5,74.76,6.91
Fallon,90,US,2019-09-11,93,46.84,-105.12,57.2,5.82
Sitka,0,US,2019-09-11,64,37.17,-99.65,79.0,14.0
Brae,100,GB,2019-09-11,93,60.4,-1.35,55.4,25.28
Victoria,75,BN,2019-09-11,70,5.28,115.24,89.6,1.12
Pearl Lagoon,4,NI,2019-09-11,97,12.34,-83.67,75.84,3.44
Kandrian,100,PG,2019-09-11,66,-6.21,149.55,77.1,11.97
Canto do Buriti,62,BR,2019-09-11,48,-8.11,-42.94,76.2,7.61
Carnarvon,0,ZA,2019-09-11,54,-30.97,22.13,51.9,10.54
Yumen,36,CN,2019-09-11,37,40.29,97.04,71.7,12.68
Sorland,75,NO,2019-09-11,93,67.67,12.69,55.4,2.24
Kutum,100,SD,2019-09-11,69,14.2,24.66,73.5,2.17
Smithfield,1,US,2019-09-11,100,41.92,-71.55,66.2,4.7
Mayumba,100,GA,2019-09-11,89,-3.44,10.65,73.68,10.2
Ust-Ilimsk,98,RU,2019-09-11,83,57.96,102.73,53.52,8.55
Shenjiamen,0,CN,2019-09-11,72,29.96,122.3,81.6,2.42
Erenhot,100,CN,2019-09-11,50,43.65,111.97,71.16,20.47
Andalan,93,PH,2019-09-11,52,5.96,121.39,86.82,7.16
Verkhoyansk,4,RU,2019-09-11,47,67.55,133.39,49.2,8.08
Carahue,0,CL,2019-09-11,70,-38.71,-73.16,44.6,8.05
Hervey Bay,40,AU,2019-09-11,40,-25.3,152.85,75.99,17.22
Port Elizabeth,1,US,2019-09-11,88,39.31,-74.98,73.4,3.36
Geraldton,90,CA,2019-09-11,93,49.72,-86.95,44.6,11.41
Ancud,0,CL,2019-09-11,86,-41.87,-73.83,33.8,4.7
Kiama,0,AU,2019-09-11,32,-34.67,150.86,66.2,8.05
Dhidhdhoo,100,MV,2019-09-11,78,6.88,73.1,83.22,13.11
Flagstaff,1,US,2019-09-11,51,35.2,-111.65,64.99,10.29
Bakonycsernye,0,HU,2019-09-11,93,47.32,18.09,48.2,3.36
Oparino,37,RU,2019-09-11,92,59.85,48.28,49.38,5.32
North Bend,1,US,2019-09-11,93,43.41,-124.22,63.0,4.7
Sambava,0,MG,2019-09-11,88,-14.27,50.17,61.26,3.4
Mindelo,0,PT,2019-09-11,81,41.31,-8.72,57.99,6.93
Bowen,1,AU,2019-09-11,44,-20.01,148.25,75.99,17.22
Camara de Lobos,40,PT,2019-09-11,60,32.63,-16.97,71.6,10.29
Mwense,37,ZM,2019-09-11,44,-10.39,28.7,62.34,2.57
Puerto Escondido,100,MX,2019-09-11,83,15.86,-97.07,78.72,3.18
Enid,1,US,2019-09-11,65,36.4,-97.88,80.6,11.41
Revda,11,RU,2019-09-11,95,67.94,34.55,45.78,4.99
Port Keats,95,AU,2019-09-11,20,-14.25,129.55,86.1,13.85
Menongue,0,AO,2019-09-11,24,-14.66,17.68,48.84,5.21
Tuatapere,99,NZ,2019-09-11,73,-46.13,167.69,50.0,10.0
Los Llanos de Aridane,90,ES,2019-09-11,73,28.66,-17.92,73.4,18.34
Comodoro Rivadavia,0,AR,2019-09-11,64,-45.87,-67.48,37.4,3.36
Vangaindrano,36,MG,2019-09-11,93,-23.35,47.6,62.52,3.62
Faya,0,SA,2019-09-11,77,18.39,42.45,64.4,3.02
Serebryansk,98,KZ,2019-09-11,68,49.68,83.3,51.9,4.97
Seymchan,0,RU,2019-09-11,47,62.93,152.39,42.36,20.89
Usolye,100,RU,2019-09-11,92,59.42,56.68,48.3,3.0
Axim,74,GH,2019-09-11,93,4.87,-2.24,75.12,8.77
Ust-Barguzin,100,RU,2019-09-11,91,53.41,109.03,50.46,1.36
Awjilah,0,LY,2019-09-11,38,29.14,21.3,79.08,7.58
Salinopolis,0,BR,2019-09-11,82,-0.61,-47.36,81.06,17.07
Pevek,100,RU,2019-09-11,82,69.7,170.27,44.52,5.28
Kerrobert,90,CA,2019-09-11,93,51.92,-109.14,48.2,9.17
Perth,75,AU,2019-09-11,60,-31.95,115.86,75.0,10.29
Arraial do Cabo,100,BR,2019-09-11,90,-22.97,-42.02,69.54,15.12
Sao Joao da Barra,63,BR,2019-09-11,95,-21.64,-41.05,67.38,1.28
Karwar,31,IN,2019-09-11,87,14.8,74.13,80.34,5.66
Namatanai,87,PG,2019-09-11,74,-3.66,152.44,79.08,19.75
Kieta,100,PG,2019-09-11,72,-6.22,155.63,81.78,5.75
Kilindoni,29,TZ,2019-09-11,78,-7.91,39.67,76.92,6.53
Camacha,75,PT,2019-09-11,77,33.08,-16.33,71.6,13.87
Bogale,100,MM,2019-09-11,89,16.29,95.4,78.36,10.54
Hamilton,75,CA,2019-09-11,78,43.26,-79.87,78.01,11.41
Rome,0,IT,2019-09-11,77,41.89,12.48,68.0,5.82
Saldanha,33,PT,2019-09-11,72,41.42,-6.55,49.74,3.29
Maldonado,0,UY,2019-09-11,81,-34.91,-54.96,50.82,7.92
Yako,72,BF,2019-09-11,83,12.96,-2.26,76.2,5.5
Jacareacanga,95,BR,2019-09-11,49,-6.22,-57.76,79.8,2.19
Alta Floresta,70,BR,2019-09-11,35,-9.87,-56.08,77.28,2.33
Sept-Iles,100,CA,2019-09-11,90,50.2,-66.38,50.0,4.68
Egvekinot,100,RU,2019-09-11,70,66.32,-179.17,47.22,2.55
Batu,54,ID,2019-09-11,30,-7.87,112.53,86.64,5.28
Beyneu,95,KZ,2019-09-11,35,45.32,55.19,63.96,4.27
Norman Wells,75,CA,2019-09-11,45,65.28,-126.83,66.2,8.05
Prince Rupert,90,CA,2019-09-11,87,54.32,-130.32,59.0,2.39
Taoudenni,73,ML,2019-09-11,19,22.68,-3.98,96.18,10.51
Aberdeen,20,US,2019-09-11,82,46.98,-123.82,62.6,6.93
Itarema,0,BR,2019-09-11,80,-2.92,-39.92,74.94,9.08
Rock Springs,20,US,2019-09-11,57,41.59,-109.2,51.8,9.17
Buala,100,SB,2019-09-11,77,-8.15,159.59,82.5,9.71
Souillac,0,FR,2019-09-11,81,45.6,-0.6,55.99,10.78
Lomovka,0,RU,2019-09-11,100,53.92,58.37,44.6,4.47
Upernavik,100,GL,2019-09-11,93,72.79,-56.15,34.62,17.67
Bathsheba,20,BB,2019-09-11,74,13.22,-59.52,82.4,10.29
Privas,19,FR,2019-09-11,59,44.74,4.6,64.4,14.99
Vardo,1,US,2019-09-11,88,39.62,-77.74,73.99,6.93
Mareeba,90,AU,2019-09-11,41,-16.99,145.42,79.0,24.16
Maslovare,59,BA,2019-09-11,100,44.56,17.53,51.8,2.48
Paamiut,94,GL,2019-09-11,86,61.99,-49.67,40.56,12.55
Surt,0,LY,2019-09-11,73,31.21,16.59,81.24,18.5
Szczytno,0,PL,2019-09-11,86,53.57,20.99,50.82,6.38
Augusto Correa,0,BR,2019-09-11,97,-1.02,-46.63,73.5,2.73
Nemuro,75,JP,2019-09-11,77,43.32,145.57,64.4,6.93
Acapulco,40,MX,2019-09-11,78,16.86,-99.88,82.4,6.93
Placido de Castro,35,BR,2019-09-11,64,-10.34,-67.19,79.62,2.71
Dauphin,90,CA,2019-09-11,100,51.15,-100.04,53.6,8.05
Marsh Harbour,6,BS,2019-09-11,77,26.54,-77.06,82.32,20.18
Hasaki,75,JP,2019-09-11,79,35.73,140.83,91.0,6.93
Saint-Augustin,90,CA,2019-09-11,100,45.63,-73.98,61.0,3.36
Xuddur,3,SO,2019-09-11,83,4.12,43.89,70.26,15.7
Cabedelo,20,BR,2019-09-11,94,-6.97,-34.84,71.6,5.82
Olinda,0,AU,2019-09-11,52,-37.84,145.39,72.0,17.22
Ilulissat,97,GL,2019-09-11,80,69.22,-51.1,35.6,10.29
Las Palmas,0,CO,2019-09-11,88,9.27,-75.33,78.9,5.66
Broome,100,GB,2019-09-11,82,52.47,1.45,59.0,11.41
Nowa Deba,0,PL,2019-09-11,93,50.43,21.75,52.0,2.24
Taunggyi,100,MM,2019-09-11,97,20.78,97.03,68.28,6.87
Samarai,43,PG,2019-09-11,61,-10.62,150.67,75.84,10.92
Tucuman,90,PE,2019-09-11,41,-17.17,-70.89,50.64,2.57
Naze,100,NG,2019-09-11,95,5.43,7.07,73.14,4.12
Lorengau,100,PG,2019-09-11,64,-2.02,147.27,82.32,15.05
Povenets,83,RU,2019-09-11,98,62.85,34.83,54.24,5.46
Powell River,20,CA,2019-09-11,77,49.84,-124.52,64.99,2.24
Glens Falls,90,US,2019-09-11,88,43.31,-73.64,72.0,5.82
Sinazongwe,37,ZM,2019-09-11,18,-17.26,27.46,58.02,3.85
Bella Union,98,CO,2019-09-11,94,8.5,-73.35,69.72,4.85
Bayir,0,TR,2019-09-11,88,37.27,28.22,64.0,0.83
Kristianstad,100,SE,2019-09-11,93,56.03,14.16,59.0,11.41
Celestun,84,MX,2019-09-11,78,20.87,-90.4,83.76,20.74
Severo-Kurilsk,40,RU,2019-09-11,89,50.68,156.12,49.74,23.69
Merauke,36,ID,2019-09-11,73,-8.49,140.4,75.48,24.36
Yacuiba,90,AR,2019-09-11,88,-22.01,-63.68,62.6,5.82
Black River,20,JM,2019-09-11,74,18.03,-77.85,84.2,3.36
Colac,0,AU,2019-09-11,67,-38.34,143.59,66.99,4.0
Sesheke,0,NA,2019-09-11,33,-17.47,24.29,46.4,4.7
Vitim,0,RU,2019-09-11,54,59.44,112.57,59.28,9.28
Ahuimanu,20,US,2019-09-11,62,21.44,-157.84,87.8,14.99
Lavrentiya,100,RU,2019-09-11,97,65.58,-170.99,45.78,4.09
Hargeysa,74,SO,2019-09-11,65,9.56,44.06,69.36,23.58
Gien,95,FR,2019-09-11,79,47.69,2.63,50.0,3.02
Viedma,95,AR,2019-09-11,76,-40.81,-62.99,40.56,5.44
Choix,100,MX,2019-09-11,86,26.71,-108.33,70.62,2.06
Kjollefjord,75,NO,2019-09-11,76,70.95,27.35,57.2,4.7
Lucea,20,JM,2019-09-11,74,18.44,-78.17,84.2,3.36
Nome,1,US,2019-09-11,83,30.04,-94.42,84.99,5.82
High Level,5,CA,2019-09-11,54,58.52,-117.13,53.6,8.05
Poya,72,NC,2019-09-11,75,-21.35,165.16,68.28,17.6
Labuhan,92,ID,2019-09-11,29,-2.54,115.51,93.12,2.37
Chibuto,61,MZ,2019-09-11,96,-24.69,33.53,63.42,3.89
Cabra,15,ES,2019-09-11,39,37.47,-4.43,66.2,6.93
Berlevag,75,NO,2019-09-11,76,70.86,29.09,57.2,4.7
Muzhi,93,RU,2019-09-11,76,65.4,64.7,43.8,10.54
Shubarkuduk,0,KZ,2019-09-11,66,49.15,56.49,56.4,11.32
Saint George,40,GR,2019-09-11,59,39.45,22.34,66.2,6.93
Copiapo,0,CL,2019-09-11,76,-27.37,-70.33,53.6,4.7
Sergeyevka,76,KZ,2019-09-11,85,53.88,67.42,50.1,10.6
Asosa,100,ET,2019-09-11,80,10.07,34.53,65.22,3.02
Gull Lake,90,CA,2019-09-11,100,50.1,-108.48,48.2,14.99
Talnakh,75,RU,2019-09-11,100,69.49,88.39,28.4,17.9
Dinan,0,FR,2019-09-11,93,48.45,-2.05,54.0,5.82
Ukiah,1,US,2019-09-11,59,39.15,-123.21,69.01,11.41
Sindang,0,ID,2019-09-11,27,-6.83,108.32,88.26,3.2
Kahului,40,US,2019-09-11,58,20.89,-156.47,86.0,20.8
Chapais,90,CA,2019-09-11,93,49.78,-74.86,46.4,8.05
Omsukchan,100,RU,2019-09-11,90,62.53,155.8,34.8,9.13
Semey,75,KZ,2019-09-11,82,50.41,80.25,55.4,13.42
Khorinsk,100,RU,2019-09-11,77,52.16,109.78,54.24,4.7
Boone,1,US,2019-09-11,100,36.22,-81.67,75.99,2.91
Maragogi,2,BR,2019-09-11,94,-9.01,-35.22,68.64,0.69
Yerbogachen,38,RU,2019-09-11,62,61.28,108.01,56.76,7.58
Keti Bandar,57,PK,2019-09-11,81,24.14,67.45,82.5,10.25
Bethel,90,US,2019-09-11,76,60.79,-161.76,55.4,11.41
Santa Rosa,100,AR,2019-09-11,91,-36.62,-64.29,45.24,9.62
Rosetta,0,EG,2019-09-11,69,31.4,30.42,78.18,13.98
Tynda,58,RU,2019-09-11,63,55.15,124.74,54.78,6.73
Whakatane,0,NZ,2019-09-11,56,-37.96,176.99,64.99,3.0
Homer,40,US,2019-09-11,87,59.64,-151.54,57.0,6.93
Kathmandu,20,NP,2019-09-11,78,27.71,85.32,77.0,4.7
Traiguen,0,CL,2019-09-11,94,-38.25,-72.68,39.3,2.57
Meulaboh,100,ID,2019-09-11,79,4.14,96.13,79.8,6.89
Sulangan,100,PH,2019-09-11,69,11.14,123.72,85.2,14.38
Canela,43,BR,2019-09-11,73,-29.36,-50.81,63.0,3.0
Beitbridge,0,ZA,2019-09-11,45,-22.21,29.99,57.48,6.08
Ngong,75,KE,2019-09-11,93,-1.37,36.65,59.0,3.42
Cherskiy,100,RU,2019-09-11,87,68.75,161.3,37.86,15.82
Pisco,90,PE,2019-09-11,82,-13.71,-76.2,60.8,14.99
Codrington,40,AU,2019-09-11,40,-28.95,153.24,69.8,14.99
Portobelo,40,PA,2019-09-11,83,9.55,-79.65,80.6,6.93
Port-Cartier,90,CA,2019-09-11,93,50.03,-66.88,50.0,4.23
Dunedin,90,NZ,2019-09-11,60,-45.87,170.5,51.01,10.0
Mataram,13,ID,2019-09-11,39,-5.32,105.06,87.9,4.03
Iqaluit,75,CA,2019-09-11,86,63.75,-68.52,39.2,3.36
Bull Savanna,100,JM,2019-09-11,76,17.89,-77.59,81.96,5.1
Fairview,75,CA,2019-09-11,71,56.07,-118.38,51.8,8.05
Raahe,90,FI,2019-09-11,93,64.68,24.47,59.0,10.29
Iranshahr,0,IR,2019-09-11,14,27.21,60.69,87.8,6.29
Mogadishu,75,SO,2019-09-11,73,2.04,45.34,77.0,11.41
Anapskaya,0,RU,2019-09-11,55,44.9,37.38,60.8,15.66
Jawala Mukhi,0,IN,2019-09-11,69,31.88,76.32,83.22,5.08
Mehamn,75,NO,2019-09-11,76,71.03,27.85,57.2,4.7
Evanston,1,US,2019-09-11,88,42.04,-87.69,81.0,5.95
Havoysund,0,NO,2019-09-11,81,71.0,24.66,51.8,6.93
Avera,1,US,2019-09-11,83,33.19,-82.53,78.8,1.01
Bluefield,1,US,2019-09-11,100,37.27,-81.22,75.2,1.83
Arrifes,20,PT,2019-09-11,82,37.77,-25.7,68.0,3.36
Xining,96,CN,2019-09-11,59,36.62,101.77,60.54,7.49
Sochi,40,RU,2019-09-11,72,43.6,39.73,64.4,13.42
Tamworth,0,AU,2019-09-11,30,-31.09,150.93,70.0,4.7
South Venice,1,US,2019-09-11,78,27.05,-82.42,82.0,8.05
Marsa Matruh,0,EG,2019-09-11,83,31.35,27.25,73.4,4.7
Nelson,93,CA,2019-09-11,85,49.49,-117.29,57.99,3.44
Great Yarmouth,100,GB,2019-09-11,82,52.61,1.73,59.0,11.41
Alimodian,100,PH,2019-09-11,74,10.82,122.43,82.32,9.04
Koslan,55,RU,2019-09-11,98,63.46,48.9,52.62,8.57
Yarmouth,90,CA,2019-09-11,100,43.84,-66.12,55.99,2.24
Gadung,81,ID,2019-09-11,37,-7.32,112.63,90.96,5.19
Murgab,0,TM,2019-09-11,50,37.5,61.97,55.4,4.7
Ngunguru,23,NZ,2019-09-11,75,-35.62,174.5,57.0,10.0
Libertador General San Martin,51,AR,2019-09-11,87,-23.81,-64.79,49.02,2.46
Wajima,75,JP,2019-09-11,69,37.4,136.9,82.4,13.87
Nordhorn,0,DE,2019-09-11,93,52.44,7.07,53.01,1.12
Novobirilyussy,100,RU,2019-09-11,97,56.95,90.69,46.68,3.91
Komsomolskiy,98,RU,2019-09-11,85,67.55,63.78,37.32,5.14
Nago,0,IT,2019-09-11,82,45.88,10.89,64.99,2.24
Safakulevo,1,RU,2019-09-11,85,54.99,62.54,48.48,9.71
Kayerkan,75,RU,2019-09-11,100,69.35,87.76,28.4,17.9
Farsund,86,NO,2019-09-11,76,58.09,6.8,57.99,7.0
Peniche,0,PT,2019-09-11,63,39.36,-9.38,60.8,10.29
Cascais,0,PT,2019-09-11,63,38.7,-9.42,64.99,10.29
Sorong,100,ID,2019-09-11,65,-0.86,131.25,80.88,12.93
Madang,22,CN,2019-09-11,66,35.32,102.79,57.84,3.31
Petropavlovsk-Kamchatskiy,0,RU,2019-09-11,42,53.05,158.65,62.6,22.37
Aswan,0,EG,2019-09-11,36,24.09,32.9,78.8,5.82
Cairns,90,AU,2019-09-11,41,-16.92,145.77,79.0,24.16
La Libertad,0,PE,2019-09-11,28,-16.38,-71.56,55.4,4.7
Iracoubo,50,GF,2019-09-11,92,5.48,-53.21,75.3,4.59
Manggar,0,ID,2019-09-11,46,-2.88,108.27,89.34,9.89
Ondangwa,0,NA,2019-09-11,12,-17.91,15.98,56.94,8.59
Narsaq,100,GL,2019-09-11,65,60.91,-46.05,41.0,2.24
Iberia,28,PE,2019-09-11,62,-11.41,-69.49,78.9,2.84
Sao Jose da Coroa Grande,2,BR,2019-09-11,94,-8.9,-35.15,68.64,0.69
Dutlwe,0,BW,2019-09-11,34,-23.98,23.93,50.64,4.7
Imbituba,0,BR,2019-09-11,82,-28.24,-48.67,66.2,3.36
Linkoping,28,SE,2019-09-11,93,58.41,15.62,55.4,4.7
Cheney,40,US,2019-09-11,93,47.49,-117.58,61.0,4.7
Mahon,75,IE,2019-09-11,93,51.89,-8.4,61.0,19.46
Oksfjord,75,NO,2019-09-11,72,70.24,22.35,60.8,19.46
Mount Isa,0,AU,2019-09-11,8,-20.73,139.49,77.0,13.87
Lingyuan,100,CN,2019-09-11,27,41.24,119.4,72.06,5.46
Gorontalo,40,ID,2019-09-11,43,0.54,123.06,83.58,11.45
Flinders,0,AU,2019-09-11,32,-34.58,150.85,71.01,8.05
Atar,93,MR,2019-09-11,20,20.52,-13.05,96.72,20.4
Morant Bay,20,JM,2019-09-11,69,17.88,-76.41,82.4,5.82
Svetlaya,83,RU,2019-09-11,72,46.54,138.33,60.0,2.91
Nantucket,1,US,2019-09-11,88,41.28,-70.1,66.99,8.05
Kota Tinggi,75,MY,2019-09-11,74,1.73,103.9,87.8,3.36
Montepuez,85,MZ,2019-09-11,87,-13.13,39.0,66.3,1.63
Gizo,40,IL,2019-09-11,73,31.8,34.94,77.0,3.36
Manavgat,0,TR,2019-09-11,78,36.79,31.44,73.4,6.93
Chara,40,GR,2019-09-11,59,39.42,22.43,66.2,6.93
Maceio,0,BR,2019-09-11,94,-9.67,-35.74,69.8,2.24
Fare,69,PF,2019-09-11,79,-16.7,-151.02,77.82,10.58
Mahibadhoo,3,MV,2019-09-11,71,3.78,72.97,83.22,6.06
Simao,100,CN,2019-09-11,99,22.76,100.79,65.76,3.06
Urengoy,11,RU,2019-09-11,68,65.96,78.37,36.78,22.55
Berezanskaya,0,RU,2019-09-11,35,45.7,39.6,64.0,13.89
Okhtyrka,0,UA,2019-09-11,54,50.31,34.89,55.14,6.24
Corn Island,1,NI,2019-09-11,81,12.17,-83.04,83.4,18.99
Susaki,20,JP,2019-09-11,74,33.42,133.28,87.8,9.17
Bayan,0,CN,2019-09-11,60,36.1,102.26,61.8,2.19
Alofi,20,NU,2019-09-11,74,-19.06,-169.92,82.4,9.17
Trat,75,TH,2019-09-11,89,12.25,102.51,87.01,5.82
Niquero,100,CU,2019-09-11,73,20.04,-77.58,85.74,21.18
Conceicao do Araguaia,76,BR,2019-09-11,37,-8.26,-49.26,80.88,0.65
Trincomalee,52,LK,2019-09-11,65,8.58,81.23,85.02,9.28
Olhao,0,PT,2019-09-11,42,37.03,-7.84,68.0,10.29
Luderitz,73,NA,2019-09-11,87,-26.65,15.16,57.2,11.41
Northam,40,AU,2019-09-11,60,-31.65,116.67,71.6,8.05
Kodiak,1,US,2019-09-11,83,39.95,-94.76,79.0,11.41
Warrenton,0,ZA,2019-09-11,45,-28.11,24.85,45.96,2.82
Agirish,100,RU,2019-09-11,83,61.92,63.02,45.6,2.21
Nuuk,97,GL,2019-09-11,93,64.17,-51.74,37.4,7.81
Hofn,100,IS,2019-09-11,96,64.25,-15.21,36.96,12.35
Lerwick,100,GB,2019-09-11,93,60.15,-1.15,55.4,21.92
El Cobre,20,VE,2019-09-11,69,8.04,-72.06,80.6,3.36
Hailar,0,CN,2019-09-11,42,49.2,119.7,65.94,11.99
Brandfort,0,ZA,2019-09-11,48,-28.7,26.46,41.0,6.93
Colomi,75,BO,2019-09-11,51,-17.34,-65.87,60.8,3.36
Hambantota,73,LK,2019-09-11,78,6.12,81.12,82.14,17.43
Rassvet,0,RU,2019-09-11,66,49.11,45.47,61.62,11.1
Hobyo,12,SO,2019-09-11,81,5.35,48.53,76.2,18.43
Shahdadkot,83,PK,2019-09-11,14,27.85,67.91,98.7,6.78
Superior,75,US,2019-09-11,93,47.19,-114.89,60.8,3.29
Bahia Blanca,100,AR,2019-09-11,89,-38.72,-62.27,43.62,9.51
Yingcheng,0,CN,2019-09-11,49,30.93,113.57,91.4,8.95
Itoman,20,JP,2019-09-11,66,26.12,127.67,91.4,10.29
Lodja,92,CD,2019-09-11,91,-3.52,23.6,70.44,2.28
Lakatoro,100,VU,2019-09-11,74,-16.11,167.42,76.02,19.24
San-Pedro,100,CI,2019-09-11,98,4.75,-6.64,71.34,3.15
Grootfontein,3,NA,2019-09-11,51,-19.56,18.1,42.9,3.22
Sokol,72,RU,2019-09-11,97,59.46,40.11,54.78,5.19
Benalla,0,AU,2019-09-11,54,-36.55,145.99,62.01,3.36
Huarmey,33,PE,2019-09-11,91,-10.07,-78.15,60.18,15.64
Gamba,0,CN,2019-09-11,57,28.28,88.52,47.4,4.25
Vilhena,43,BR,2019-09-11,46,-12.74,-60.15,78.0,1.95
Matagami,77,NG,2019-09-11,98,9.67,8.4,66.48,2.53
Ossora,100,RU,2019-09-11,89,59.24,163.07,45.42,9.69
Macheng,40,CN,2019-09-11,50,31.18,115.03,88.8,3.62
Nueva Gerona,17,CU,2019-09-11,73,21.88,-82.8,84.84,22.48
Kichera,100,RU,2019-09-11,89,55.93,110.1,46.32,2.64
Cukai,75,MY,2019-09-11,70,4.25,103.42,87.8,6.93
Collie,88,AU,2019-09-11,49,-33.36,116.15,75.0,9.37
Yerofey Pavlovich,100,RU,2019-09-11,56,53.97,121.97,55.32,5.19
Coquimbo,0,CL,2019-09-11,87,-29.95,-71.34,50.0,4.7
Ambovombe,52,MG,2019-09-11,79,-25.18,46.09,71.16,8.28
Tiznit,0,MA,2019-09-11,82,29.7,-9.73,68.82,30.89
Grand Gaube,40,MU,2019-09-11,88,-20.01,57.66,68.0,3.36
Hay River,5,CA,2019-09-11,58,60.82,-115.79,53.6,5.82
Ivankiv,0,UA,2019-09-11,58,50.93,29.9,61.0,2.24
Natal,40,BR,2019-09-11,83,-5.81,-35.21,73.4,6.93
Chinchani,75,IN,2019-09-11,94,16.42,74.53,71.6,6.93
Toyooka,75,JP,2019-09-11,66,35.55,134.82,89.6,4.7
Chuy,83,UY,2019-09-11,94,-33.69,-53.46,51.36,8.77
San Buenaventura,89,MX,2019-09-11,62,27.06,-101.55,81.0,4.0
Mezen,84,RU,2019-09-11,88,65.85,44.24,51.54,5.79
Praia da Vitoria,40,PT,2019-09-11,93,38.73,-27.07,66.2,11.45
Isangel,100,VU,2019-09-11,72,-19.55,169.27,71.52,15.95
Verkhnevilyuysk,83,RU,2019-09-11,63,63.45,120.31,59.1,3.83
Asyut,0,EG,2019-09-11,57,27.18,31.19,75.2,6.93
Lompoc,90,US,2019-09-11,87,34.64,-120.46,66.2,16.11
Sasvad,99,IN,2019-09-11,80,18.33,74.03,74.76,11.39
Port Augusta,0,AU,2019-09-11,15,-32.49,137.76,77.0,17.22
San Miguel,0,AR,2019-09-11,87,-34.54,-58.72,55.0,9.17
Padang,100,ID,2019-09-11,82,-0.92,100.36,80.7,10.49
Pelym,100,RU,2019-09-11,88,61.01,62.0,48.3,1.45
Koryukivka,0,UA,2019-09-11,53,51.77,32.25,54.6,6.69
Sabha,0,LY,2019-09-11,22,27.03,14.43,84.3,13.6
Guaraniacu,0,BR,2019-09-11,65,-25.1,-52.88,77.0,13.87
Srednekolymsk,83,RU,2019-09-11,48,67.46,153.71,42.54,14.47
Bend,1,US,2019-09-11,76,44.06,-121.32,57.2,4.16
Teguldet,100,RU,2019-09-11,77,57.31,88.17,45.96,4.65
Ambatofinandrahana,5,MG,2019-09-11,89,-20.55,46.8,56.94,2.1
Pierre,20,US,2019-09-11,88,44.37,-100.35,64.99,14.99
Pingdu,0,CN,2019-09-11,37,36.79,119.95,84.2,8.95
Mana,11,NG,2019-09-11,80,13.03,5.27,75.84,7.74
Mersin,20,TR,2019-09-11,94,36.81,34.63,73.4,5.82
Hanover,0,DE,2019-09-11,87,52.37,9.74,50.0,2.24
Sinnamary,38,GF,2019-09-11,81,5.38,-52.96,81.6,16.8
Tezu,89,IN,2019-09-11,91,27.93,96.16,78.18,1.5
The Pas,75,CA,2019-09-11,81,53.82,-101.24,50.0,4.7
Umm Kaddadah,57,SD,2019-09-11,57,13.6,26.69,80.34,6.08
Fomboni,9,KM,2019-09-11,80,-12.28,43.74,76.74,6.55
Lucapa,34,AO,2019-09-11,47,-8.42,20.74,67.74,2.42
Arandis,0,NA,2019-09-11,90,-22.42,14.98,55.0,1.99
Viseu,0,PT,2019-09-11,81,40.66,-7.91,55.0,8.05
Beloha,0,MG,2019-09-11,84,-25.17,45.06,66.12,3.8
Along,100,IN,2019-09-11,96,28.17,94.8,62.52,0.81
Nanakuli,40,US,2019-09-11,58,21.39,-158.15,87.8,13.87
Bandar-e Lengeh,0,IR,2019-09-11,70,26.56,54.88,86.0,6.93
Havre-Saint-Pierre,75,CA,2019-09-11,100,50.23,-63.6,42.8,4.7
Kongoussi,0,BF,2019-09-11,74,13.32,-1.53,79.44,6.33
Guerrero Negro,0,MX,2019-09-11,81,27.97,-114.04,66.48,13.27
Port Blair,100,IN,2019-09-11,78,11.67,92.75,82.32,14.88
Vao,67,EE,2019-09-11,82,59.1,26.19,57.66,10.87
Jos,100,NG,2019-09-11,87,9.92,8.9,66.3,2.19
Durban,100,CA,2019-09-11,97,51.93,-101.44,48.48,10.94
Hengyang,0,CN,2019-09-11,58,26.89,112.6,91.14,2.1
Katherine,32,AU,2019-09-11,7,-14.47,132.26,86.0,18.34
Ixtapa,90,MX,2019-09-11,78,20.71,-105.21,82.4,3.36
Alexandria,42,RO,2019-09-11,82,43.97,25.33,51.01,5.28
Ballina,97,IE,2019-09-11,90,54.11,-9.15,59.0,11.99
Zhangye,33,CN,2019-09-11,37,38.94,100.46,72.42,4.59
Catalina,90,PE,2019-09-11,82,-13.57,-76.13,60.8,14.99
Morgan City,1,US,2019-09-11,88,29.7,-91.21,82.99,3.69
Dubrovytsya,71,UA,2019-09-11,75,51.57,26.57,56.58,3.29
Esperance,30,AU,2019-09-11,63,-33.86,121.89,66.2,14.99
Fairbanks,1,US,2019-09-11,55,64.84,-147.72,60.8,4.7
Ayan,46,IR,2019-09-11,97,38.23,44.7,44.52,5.06
Half Moon Bay,20,US,2019-09-11,72,37.46,-122.43,64.99,6.93
Portland,90,US,2019-09-11,88,43.66,-70.25,64.4,8.05
Nexo,91,DK,2019-09-11,82,55.06,15.13,60.8,25.28
Matamoros,40,US,2019-09-11,78,25.87,-97.51,84.2,6.93
Koygorodok,22,RU,2019-09-11,93,60.44,51.01,48.48,3.71
Sioux Lookout,90,CA,2019-09-11,93,50.1,-91.92,48.2,3.36
Richards Bay,0,ZA,2019-09-11,85,-28.77,32.06,67.74,14.47
Pouebo,79,NC,2019-09-11,50,-20.4,164.57,72.24,11.56
Drumnadrochit,20,GB,2019-09-11,87,57.34,-4.48,59.0,6.93
Lensk,59,RU,2019-09-11,51,60.71,114.91,58.74,6.04
Sundarnagar,0,IN,2019-09-11,74,31.53,76.88,80.7,1.72
Novo Aripuana,33,BR,2019-09-11,68,-5.12,-60.38,79.44,2.64
Kamina,91,CD,2019-09-11,41,-8.74,25.0,69.54,0.87
Bulawayo,0,ZW,2019-09-11,32,-20.16,28.59,51.72,1.57
Sulingen,20,DE,2019-09-11,100,52.68,8.8,51.01,3.36
Nouadhibou,27,MR,2019-09-11,54,20.93,-17.03,80.6,12.75
Haines Junction,33,CA,2019-09-11,65,60.75,-137.51,47.76,6.2
Puerto del Rosario,75,ES,2019-09-11,64,28.5,-13.86,73.4,18.34
Arlit,40,NE,2019-09-11,21,18.74,7.39,94.74,4.76
Changji,39,CN,2019-09-11,57,32.07,116.17,87.9,8.43
Les Cayes,40,HT,2019-09-11,75,18.19,-73.75,83.22,9.57
Key Largo,40,US,2019-09-11,83,25.09,-80.45,84.2,11.41
San Vicente,20,EC,2019-09-11,88,-0.59,-80.41,68.0,9.17
